{"cameraMode":{"drawMode":0,"name":"Shaded","section":"Shading Mode"},"sceneLighting":false,"audioPlay":false,"sceneViewState":{"m_AlwaysRefresh":false,"showFog":false,"showSkybox":false,"showFlares":false,"showImageEffects":false,"showParticleSystems":false,"showVisualEffectGraphs":true,"m_FxEnabled":true},"in2DMode":false,"pivot":{"x":1.19209286886246e-9,"y":8.19563861220729e-10,"z":-1.4901166411895873e-10},"rotation":{"x":-0.01972723752260208,"y":-0.8821780681610107,"z":0.037133585661649707,"w":-0.4690459370613098},"size":0.00025207921862602234,"orthographic":true}