{"cameraMode":{"drawMode":0,"name":"Shaded","section":"Shading Mode"},"sceneLighting":false,"audioPlay":false,"sceneViewState":{"m_AlwaysRefresh":true,"showFog":true,"showSkybox":false,"showFlares":true,"showImageEffects":true,"showParticleSystems":true,"showVisualEffectGraphs":true,"m_FxEnabled":true},"in2DMode":false,"pivot":{"x":0.3468007445335388,"y":2.512770891189575,"z":0.3721858859062195},"rotation":{"x":0.13358014822006226,"y":0.36165714263916018,"z":-0.052437618374824527,"w":0.9212065935134888},"size":0.3031088709831238,"orthographic":false}