{"cameraMode":{"drawMode":0,"name":"Shaded","section":"Shading Mode"},"sceneLighting":true,"audioPlay":false,"sceneViewState":{"m_AlwaysRefresh":true,"showFog":true,"showSkybox":true,"showFlares":true,"showImageEffects":true,"showParticleSystems":true,"showVisualEffectGraphs":true,"m_FxEnabled":true},"in2DMode":false,"pivot":{"x":-0.0630522221326828,"y":4.108968734741211,"z":-2.4724771976470949},"rotation":{"x":0.18194420635700227,"y":-0.02005561627447605,"z":0.0037165817338973285,"w":0.983105480670929},"size":0.8518362045288086,"orthographic":false}