{"cameraMode":{"drawMode":0,"name":"Shaded","section":"Shading Mode"},"sceneLighting":true,"audioPlay":false,"sceneViewState":{"m_AlwaysRefresh":true,"showFog":true,"showSkybox":true,"showFlares":true,"showImageEffects":true,"showParticleSystems":true,"showVisualEffectGraphs":true,"m_FxEnabled":true},"in2DMode":false,"pivot":{"x":3.058250665664673,"y":3.6175436973571779,"z":-5.4240031242370609},"rotation":{"x":0.08156391978263855,"y":0.7702158093452454,"z":-0.1006007045507431,"w":0.6245095133781433},"size":1.7356714010238648,"orthographic":false}